993,US House,GA,De Kalb,ASHFORD DUNWOODY RD,Karen Handel, Republican,29
993,US House,GA,De Kalb,ASHFORD PARK ELEM,Karen Handel, Republican,280
993,US House,GA,De Kalb,ASHFORD PARKSIDE,Karen Handel, Republican,416
993,US House,GA,De Kalb,AUSTIN,Karen Handel, Republican,250
993,US House,GA,De Kalb,BRIARLAKE ELEM,Karen Handel, Republican,58
993,US House,GA,De Kalb,BRIARWOOD,Karen Handel, Republican,43
993,US House,GA,De Kalb,BROOKHAVEN,Karen Handel, Republican,157
993,US House,GA,De Kalb,CHAMBLEE ,Karen Handel, Republican,72
993,US House,GA,De Kalb,CHAMBLEE 2,Karen Handel, Republican,179
993,US House,GA,De Kalb,CHESNUT ELEM,Karen Handel, Republican,272
993,US House,GA,De Kalb,CROSS KEYS HIGH,Karen Handel, Republican,436
993,US House,GA,De Kalb,DORAVILLE NORTH,Karen Handel, Republican,488
993,US House,GA,De Kalb,DORAVILLE SOUTH,Karen Handel, Republican,25
993,US House,GA,De Kalb,DRESDEN ELEM,Karen Handel, Republican,456
993,US House,GA,De Kalb,DUNWOODY,Karen Handel, Republican,24
993,US House,GA,De Kalb,DUNWOODY HIGH,Karen Handel, Republican,32
993,US House,GA,De Kalb,DUNWOODY LIBRARY,Karen Handel, Republican,486
993,US House,GA,De Kalb,EMBRY HILLS,Karen Handel, Republican,270
993,US House,GA,De Kalb,EVANSDALE ELEM,Karen Handel, Republican,386
993,US House,GA,De Kalb,GEORGETOWN SQUARE,Karen Handel, Republican,378
993,US House,GA,De Kalb,HAWTHORNE ELEM,Karen Handel, Republican,274
993,US House,GA,De Kalb,HENDERSON MILL ELEM,Karen Handel, Republican,222
993,US House,GA,De Kalb,HUNTLEY HILLS ELEM,Karen Handel, Republican,152
993,US House,GA,De Kalb,KINGSLEY ELEM,Karen Handel, Republican,26
993,US House,GA,De Kalb,KITTREDGE ELEM,Karen Handel, Republican,193
993,US House,GA,De Kalb,LAKESIDE HIGH,Karen Handel, Republican,23
993,US House,GA,De Kalb,LIVSEY ELEM,Karen Handel, Republican,318
993,US House,GA,De Kalb,MIDVALE ELEM,Karen Handel, Republican,96
993,US House,GA,De Kalb,MIDVALE ROAD,Karen Handel, Republican,368
993,US House,GA,De Kalb,MONTGOMERY ELEM,Karen Handel, Republican,416
993,US House,GA,De Kalb,MT. VERNON EAST,Karen Handel, Republican,47
993,US House,GA,De Kalb,MT. VERNON WEST,Karen Handel, Republican,277
993,US House,GA,De Kalb,NORTH PEACHTREE,Karen Handel, Republican,396
993,US House,GA,De Kalb,OAKCLIFF ELEM,Karen Handel, Republican,191
993,US House,GA,De Kalb,PEACHTREE MIDDLE,Karen Handel, Republican,52
993,US House,GA,De Kalb,PLEASANTDALE ROAD,Karen Handel, Republican,415
993,US House,GA,De Kalb,SILVER LAKE,Karen Handel, Republican,212
993,US House,GA,De Kalb,SKYLAND,Karen Handel, Republican,75
993,US House,GA,De Kalb,TILLY MILL ROAD,Karen Handel, Republican,231
993,US House,GA,De Kalb,TUCKER,Karen Handel, Republican,62
993,US House,GA,De Kalb,TUCKER LIBRARY,Karen Handel, Republican,408
993,US House,GA,De Kalb,WARREN TECH,Karen Handel, Republican,224
993,US House,GA,De Kalb,WINTERS CHAPEL,Karen Handel, Republican,381
993,US House,GA,De Kalb,ASHFORD DUNWOODY RD,Jon Ossoff, Democratic,417
993,US House,GA,De Kalb,ASHFORD PARK ELEM,Jon Ossoff, Democratic,309
993,US House,GA,De Kalb,ASHFORD PARKSIDE,Jon Ossoff, Democratic,315
993,US House,GA,De Kalb,AUSTIN,Jon Ossoff, Democratic,25
993,US House,GA,De Kalb,BRIARLAKE ELEM,Jon Ossoff, Democratic,450
993,US House,GA,De Kalb,BRIARWOOD,Jon Ossoff, Democratic,184
993,US House,GA,De Kalb,BROOKHAVEN,Jon Ossoff, Democratic,95
993,US House,GA,De Kalb,CHAMBLEE ,Jon Ossoff, Democratic,466
993,US House,GA,De Kalb,CHAMBLEE 2,Jon Ossoff, Democratic,404
993,US House,GA,De Kalb,CHESNUT ELEM,Jon Ossoff, Democratic,114
993,US House,GA,De Kalb,CROSS KEYS HIGH,Jon Ossoff, Democratic,482
993,US House,GA,De Kalb,DORAVILLE NORTH,Jon Ossoff, Democratic,318
993,US House,GA,De Kalb,DORAVILLE SOUTH,Jon Ossoff, Democratic,18
993,US House,GA,De Kalb,DRESDEN ELEM,Jon Ossoff, Democratic,188
993,US House,GA,De Kalb,DUNWOODY,Jon Ossoff, Democratic,471
993,US House,GA,De Kalb,DUNWOODY HIGH,Jon Ossoff, Democratic,243
993,US House,GA,De Kalb,DUNWOODY LIBRARY,Jon Ossoff, Democratic,485
993,US House,GA,De Kalb,EMBRY HILLS,Jon Ossoff, Democratic,3
993,US House,GA,De Kalb,EVANSDALE ELEM,Jon Ossoff, Democratic,26
993,US House,GA,De Kalb,GEORGETOWN SQUARE,Jon Ossoff, Democratic,242
993,US House,GA,De Kalb,HAWTHORNE ELEM,Jon Ossoff, Democratic,475
993,US House,GA,De Kalb,HENDERSON MILL ELEM,Jon Ossoff, Democratic,307
993,US House,GA,De Kalb,HUNTLEY HILLS ELEM,Jon Ossoff, Democratic,465
993,US House,GA,De Kalb,KINGSLEY ELEM,Jon Ossoff, Democratic,318
993,US House,GA,De Kalb,KITTREDGE ELEM,Jon Ossoff, Democratic,139
993,US House,GA,De Kalb,LAKESIDE HIGH,Jon Ossoff, Democratic,93
993,US House,GA,De Kalb,LIVSEY ELEM,Jon Ossoff, Democratic,415
993,US House,GA,De Kalb,MIDVALE ELEM,Jon Ossoff, Democratic,55
993,US House,GA,De Kalb,MIDVALE ROAD,Jon Ossoff, Democratic,275
993,US House,GA,De Kalb,MONTGOMERY ELEM,Jon Ossoff, Democratic,178
993,US House,GA,De Kalb,MT. VERNON EAST,Jon Ossoff, Democratic,48
993,US House,GA,De Kalb,MT. VERNON WEST,Jon Ossoff, Democratic,441
993,US House,GA,De Kalb,NORTH PEACHTREE,Jon Ossoff, Democratic,29
993,US House,GA,De Kalb,OAKCLIFF ELEM,Jon Ossoff, Democratic,376
993,US House,GA,De Kalb,PEACHTREE MIDDLE,Jon Ossoff, Democratic,16
993,US House,GA,De Kalb,PLEASANTDALE ROAD,Jon Ossoff, Democratic,144
993,US House,GA,De Kalb,SILVER LAKE,Jon Ossoff, Democratic,252
993,US House,GA,De Kalb,SKYLAND,Jon Ossoff, Democratic,18
993,US House,GA,De Kalb,TILLY MILL ROAD,Jon Ossoff, Democratic,456
993,US House,GA,De Kalb,TUCKER,Jon Ossoff, Democratic,424
993,US House,GA,De Kalb,TUCKER LIBRARY,Jon Ossoff, Democratic,104
993,US House,GA,De Kalb,WARREN TECH,Jon Ossoff, Democratic,11
993,US House,GA,De Kalb,WINTERS CHAPEL,Jon Ossoff, Democratic,457
993,US House,GA,Cobb,Addison 01,Karen Handel, Republican,407
993,US House,GA,Cobb,Bells Ferry 02,Karen Handel, Republican,26
993,US House,GA,Cobb,Bells Ferry 03,Karen Handel, Republican,180
993,US House,GA,Cobb,Blackwell 01,Karen Handel, Republican,152
993,US House,GA,Cobb,Chattahoochee 01,Karen Handel, Republican,72
993,US House,GA,Cobb,Chestnut Ridge 01,Karen Handel, Republican,492
993,US House,GA,Cobb,Dickerson 01,Karen Handel, Republican,194
993,US House,GA,Cobb,Dodgen 01,Karen Handel, Republican,214
993,US House,GA,Cobb,Davis 01,Karen Handel, Republican,496
993,US House,GA,Cobb,Eastside 01,Karen Handel, Republican,175
993,US House,GA,Cobb,Eastside 02,Karen Handel, Republican,348
993,US House,GA,Cobb,Elizabeth 02,Karen Handel, Republican,93
993,US House,GA,Cobb,Elizabeth 03,Karen Handel, Republican,277
993,US House,GA,Cobb,Elizabeth 04,Karen Handel, Republican,430
993,US House,GA,Cobb,Elizabeth 05,Karen Handel, Republican,9
993,US House,GA,Cobb,East Piedmont 01,Karen Handel, Republican,432
993,US House,GA,Cobb,Fullers Park 01,Karen Handel, Republican,424
993,US House,GA,Cobb,Garrison Mill 01,Karen Handel, Republican,2
993,US House,GA,Cobb,Gritters 01,Karen Handel, Republican,351
993,US House,GA,Cobb,Hightower 01,Karen Handel, Republican,126
993,US House,GA,Cobb,Kell 01,Karen Handel, Republican,322
993,US House,GA,Cobb,Lassiter 01,Karen Handel, Republican,315
993,US House,GA,Cobb,Mabry 01,Karen Handel, Republican,445
993,US House,GA,Cobb,Murdock 01,Karen Handel, Republican,461
993,US House,GA,Cobb,McCleskey 01,Karen Handel, Republican,358
993,US House,GA,Cobb,Marietta 5A,Karen Handel, Republican,390
993,US House,GA,Cobb,Marietta 5B,Karen Handel, Republican,493
993,US House,GA,Cobb,Marietta 6A,Karen Handel, Republican,250
993,US House,GA,Cobb,Marietta 6B,Karen Handel, Republican,218
993,US House,GA,Cobb,Marietta 7A,Karen Handel, Republican,165
993,US House,GA,Cobb,Mt Bethel 01,Karen Handel, Republican,10
993,US House,GA,Cobb,Mt Bethel 03,Karen Handel, Republican,406
993,US House,GA,Cobb,Mt Bethel 04,Karen Handel, Republican,32
993,US House,GA,Cobb,Nicholson 01,Karen Handel, Republican,281
993,US House,GA,Cobb,Powers Ferry 01,Karen Handel, Republican,204
993,US House,GA,Cobb,Post Oak 01,Karen Handel, Republican,27
993,US House,GA,Cobb,Pope 01,Karen Handel, Republican,208
993,US House,GA,Cobb,Palmer 01,Karen Handel, Republican,61
993,US House,GA,Cobb,Rocky Mount 01,Karen Handel, Republican,1
993,US House,GA,Cobb,Roswell 01,Karen Handel, Republican,265
993,US House,GA,Cobb,Roswell 02,Karen Handel, Republican,475
993,US House,GA,Cobb,Sandy Plains 01,Karen Handel, Republican,103
993,US House,GA,Cobb,Shallowford Falls 01,Karen Handel, Republican,27
993,US House,GA,Cobb,Simpson 01,Karen Handel, Republican,365
993,US House,GA,Cobb,Sewell Mill 01,Karen Handel, Republican,308
993,US House,GA,Cobb,Sewell Mill 03,Karen Handel, Republican,159
993,US House,GA,Cobb,Sope Creek 01,Karen Handel, Republican,185
993,US House,GA,Cobb,Sope Creek 02,Karen Handel, Republican,243
993,US House,GA,Cobb,Sope Creek 03,Karen Handel, Republican,12
993,US House,GA,Cobb,Timber Ridge 01,Karen Handel, Republican,314
993,US House,GA,Cobb,Willeo 01,Karen Handel, Republican,217
993,US House,GA,Cobb,Addison 01,Jon Ossoff, Democratic,9
993,US House,GA,Cobb,Bells Ferry 02,Jon Ossoff, Democratic,182
993,US House,GA,Cobb,Bells Ferry 03,Jon Ossoff, Democratic,449
993,US House,GA,Cobb,Blackwell 01,Jon Ossoff, Democratic,146
993,US House,GA,Cobb,Chattahoochee 01,Jon Ossoff, Democratic,93
993,US House,GA,Cobb,Chestnut Ridge 01,Jon Ossoff, Democratic,336
993,US House,GA,Cobb,Dickerson 01,Jon Ossoff, Democratic,275
993,US House,GA,Cobb,Dodgen 01,Jon Ossoff, Democratic,191
993,US House,GA,Cobb,Davis 01,Jon Ossoff, Democratic,446
993,US House,GA,Cobb,Eastside 01,Jon Ossoff, Democratic,280
993,US House,GA,Cobb,Eastside 02,Jon Ossoff, Democratic,35
993,US House,GA,Cobb,Elizabeth 02,Jon Ossoff, Democratic,170
993,US House,GA,Cobb,Elizabeth 03,Jon Ossoff, Democratic,490
993,US House,GA,Cobb,Elizabeth 04,Jon Ossoff, Democratic,32
993,US House,GA,Cobb,Elizabeth 05,Jon Ossoff, Democratic,89
993,US House,GA,Cobb,East Piedmont 01,Jon Ossoff, Democratic,122
993,US House,GA,Cobb,Fullers Park 01,Jon Ossoff, Democratic,32
993,US House,GA,Cobb,Garrison Mill 01,Jon Ossoff, Democratic,497
993,US House,GA,Cobb,Gritters 01,Jon Ossoff, Democratic,17
993,US House,GA,Cobb,Hightower 01,Jon Ossoff, Democratic,470
993,US House,GA,Cobb,Kell 01,Jon Ossoff, Democratic,422
993,US House,GA,Cobb,Lassiter 01,Jon Ossoff, Democratic,73
993,US House,GA,Cobb,Mabry 01,Jon Ossoff, Democratic,356
993,US House,GA,Cobb,Murdock 01,Jon Ossoff, Democratic,228
993,US House,GA,Cobb,McCleskey 01,Jon Ossoff, Democratic,126
993,US House,GA,Cobb,Marietta 5A,Jon Ossoff, Democratic,112
993,US House,GA,Cobb,Marietta 5B,Jon Ossoff, Democratic,449
993,US House,GA,Cobb,Marietta 6A,Jon Ossoff, Democratic,388
993,US House,GA,Cobb,Marietta 6B,Jon Ossoff, Democratic,293
993,US House,GA,Cobb,Marietta 7A,Jon Ossoff, Democratic,51
993,US House,GA,Cobb,Mt Bethel 01,Jon Ossoff, Democratic,358
993,US House,GA,Cobb,Mt Bethel 03,Jon Ossoff, Democratic,121
993,US House,GA,Cobb,Mt Bethel 04,Jon Ossoff, Democratic,175
993,US House,GA,Cobb,Nicholson 01,Jon Ossoff, Democratic,265
993,US House,GA,Cobb,Powers Ferry 01,Jon Ossoff, Democratic,232
993,US House,GA,Cobb,Post Oak 01,Jon Ossoff, Democratic,402
993,US House,GA,Cobb,Pope 01,Jon Ossoff, Democratic,450
993,US House,GA,Cobb,Palmer 01,Jon Ossoff, Democratic,429
993,US House,GA,Cobb,Rocky Mount 01,Jon Ossoff, Democratic,136
993,US House,GA,Cobb,Roswell 01,Jon Ossoff, Democratic,483
993,US House,GA,Cobb,Roswell 02,Jon Ossoff, Democratic,177
993,US House,GA,Cobb,Sandy Plains 01,Jon Ossoff, Democratic,345
993,US House,GA,Cobb,Shallowford Falls 01,Jon Ossoff, Democratic,97
993,US House,GA,Cobb,Simpson 01,Jon Ossoff, Democratic,45
993,US House,GA,Cobb,Sewell Mill 01,Jon Ossoff, Democratic,324
993,US House,GA,Cobb,Sewell Mill 03,Jon Ossoff, Democratic,22
993,US House,GA,Cobb,Sope Creek 01,Jon Ossoff, Democratic,26
993,US House,GA,Cobb,Sope Creek 02,Jon Ossoff, Democratic,172
993,US House,GA,Cobb,Sope Creek 03,Jon Ossoff, Democratic,295
993,US House,GA,Cobb,Timber Ridge 01,Jon Ossoff, Democratic,255
993,US House,GA,Cobb,Willeo 01,Jon Ossoff, Democratic,262
993,US House,GA,Fulton,AP01A,Karen Handel, Republican,363
993,US House,GA,Fulton,AP01B,Karen Handel, Republican,73
993,US House,GA,Fulton,AP01C,Karen Handel, Republican,136
993,US House,GA,Fulton,AP01D,Karen Handel, Republican,271
993,US House,GA,Fulton,AP02B,Karen Handel, Republican,227
993,US House,GA,Fulton,AP03,Karen Handel, Republican,262
993,US House,GA,Fulton,AP04A,Karen Handel, Republican,262
993,US House,GA,Fulton,AP04B,Karen Handel, Republican,139
993,US House,GA,Fulton,AP05,Karen Handel, Republican,387
993,US House,GA,Fulton,AP06,Karen Handel, Republican,383
993,US House,GA,Fulton,AP07A,Karen Handel, Republican,213
993,US House,GA,Fulton,AP07B,Karen Handel, Republican,169
993,US House,GA,Fulton,AP09A,Karen Handel, Republican,413
993,US House,GA,Fulton,AP09B,Karen Handel, Republican,395
993,US House,GA,Fulton,AP021,Karen Handel, Republican,469
993,US House,GA,Fulton,AP022,Karen Handel, Republican,454
993,US House,GA,Fulton,AP10,Karen Handel, Republican,164
993,US House,GA,Fulton,AP12A,Karen Handel, Republican,340
993,US House,GA,Fulton,AP12B,Karen Handel, Republican,197
993,US House,GA,Fulton,AP12C,Karen Handel, Republican,18
993,US House,GA,Fulton,AP13,Karen Handel, Republican,137
993,US House,GA,Fulton,AP14,Karen Handel, Republican,311
993,US House,GA,Fulton,JC01,Karen Handel, Republican,283
993,US House,GA,Fulton,JC02,Karen Handel, Republican,238
993,US House,GA,Fulton,JC03A,Karen Handel, Republican,406
993,US House,GA,Fulton,JC03B,Karen Handel, Republican,154
993,US House,GA,Fulton,JC04A,Karen Handel, Republican,74
993,US House,GA,Fulton,JC04B,Karen Handel, Republican,164
993,US House,GA,Fulton,JC05,Karen Handel, Republican,168
993,US House,GA,Fulton,JC06,Karen Handel, Republican,51
993,US House,GA,Fulton,JC07,Karen Handel, Republican,314
993,US House,GA,Fulton,JC08,Karen Handel, Republican,174
993,US House,GA,Fulton,JC09,Karen Handel, Republican,492
993,US House,GA,Fulton,JC10,Karen Handel, Republican,357
993,US House,GA,Fulton,JC11,Karen Handel, Republican,431
993,US House,GA,Fulton,JC12,Karen Handel, Republican,376
993,US House,GA,Fulton,JC13A,Karen Handel, Republican,17
993,US House,GA,Fulton,JC13B,Karen Handel, Republican,401
993,US House,GA,Fulton,JC14,Karen Handel, Republican,102
993,US House,GA,Fulton,JC15,Karen Handel, Republican,397
993,US House,GA,Fulton,JC16,Karen Handel, Republican,218
993,US House,GA,Fulton,JC18,Karen Handel, Republican,435
993,US House,GA,Fulton,JC19,Karen Handel, Republican,240
993,US House,GA,Fulton,ML011,Karen Handel, Republican,84
993,US House,GA,Fulton,ML012,Karen Handel, Republican,211
993,US House,GA,Fulton,ML01B,Karen Handel, Republican,20
993,US House,GA,Fulton,ML021,Karen Handel, Republican,394
993,US House,GA,Fulton,ML022,Karen Handel, Republican,95
993,US House,GA,Fulton,ML023,Karen Handel, Republican,151
993,US House,GA,Fulton,ML024,Karen Handel, Republican,52
993,US House,GA,Fulton,ML03,Karen Handel, Republican,294
993,US House,GA,Fulton,ML04A,Karen Handel, Republican,389
993,US House,GA,Fulton,ML04B,Karen Handel, Republican,81
993,US House,GA,Fulton,ML04C,Karen Handel, Republican,123
993,US House,GA,Fulton,ML05A,Karen Handel, Republican,399
993,US House,GA,Fulton,ML05B,Karen Handel, Republican,322
993,US House,GA,Fulton,ML05C,Karen Handel, Republican,211
993,US House,GA,Fulton,ML06A,Karen Handel, Republican,466
993,US House,GA,Fulton,ML06B,Karen Handel, Republican,313
993,US House,GA,Fulton,ML071,Karen Handel, Republican,282
993,US House,GA,Fulton,ML072,Karen Handel, Republican,178
993,US House,GA,Fulton,ML07A,Karen Handel, Republican,43
993,US House,GA,Fulton,MP01,Karen Handel, Republican,294
993,US House,GA,Fulton,RW01,Karen Handel, Republican,31
993,US House,GA,Fulton,RW02,Karen Handel, Republican,142
993,US House,GA,Fulton,RW03,Karen Handel, Republican,223
993,US House,GA,Fulton,RW04,Karen Handel, Republican,153
993,US House,GA,Fulton,RW05,Karen Handel, Republican,108
993,US House,GA,Fulton,RW06,Karen Handel, Republican,67
993,US House,GA,Fulton,RW07A,Karen Handel, Republican,464
993,US House,GA,Fulton,RW07B,Karen Handel, Republican,372
993,US House,GA,Fulton,RW08,Karen Handel, Republican,485
993,US House,GA,Fulton,RW09,Karen Handel, Republican,482
993,US House,GA,Fulton,RW10,Karen Handel, Republican,350
993,US House,GA,Fulton,RW11A,Karen Handel, Republican,1
993,US House,GA,Fulton,RW12,Karen Handel, Republican,423
993,US House,GA,Fulton,RW13,Karen Handel, Republican,257
993,US House,GA,Fulton,RW16,Karen Handel, Republican,455
993,US House,GA,Fulton,RW17,Karen Handel, Republican,416
993,US House,GA,Fulton,RW19,Karen Handel, Republican,249
993,US House,GA,Fulton,RW20,Karen Handel, Republican,497
993,US House,GA,Fulton,RW21,Karen Handel, Republican,353
993,US House,GA,Fulton,RW22A,Karen Handel, Republican,184
993,US House,GA,Fulton,SS01,Karen Handel, Republican,297
993,US House,GA,Fulton,SS02A,Karen Handel, Republican,424
993,US House,GA,Fulton,SS02B,Karen Handel, Republican,37
993,US House,GA,Fulton,SS03,Karen Handel, Republican,305
993,US House,GA,Fulton,SS04,Karen Handel, Republican,327
993,US House,GA,Fulton,SS05,Karen Handel, Republican,491
993,US House,GA,Fulton,SS06,Karen Handel, Republican,176
993,US House,GA,Fulton,SS07A,Karen Handel, Republican,351
993,US House,GA,Fulton,SS07B,Karen Handel, Republican,61
993,US House,GA,Fulton,SS07C,Karen Handel, Republican,326
993,US House,GA,Fulton,SS08A,Karen Handel, Republican,421
993,US House,GA,Fulton,SS08B,Karen Handel, Republican,117
993,US House,GA,Fulton,SS08C,Karen Handel, Republican,8
993,US House,GA,Fulton,SS08D,Karen Handel, Republican,222
993,US House,GA,Fulton,SS11A,Karen Handel, Republican,278
993,US House,GA,Fulton,SS11B,Karen Handel, Republican,36
993,US House,GA,Fulton,SS11C,Karen Handel, Republican,112
993,US House,GA,Fulton,SS12,Karen Handel, Republican,162
993,US House,GA,Fulton,SS15A,Karen Handel, Republican,460
993,US House,GA,Fulton,SS15B,Karen Handel, Republican,426
993,US House,GA,Fulton,SS16,Karen Handel, Republican,369
993,US House,GA,Fulton,SS17,Karen Handel, Republican,236
993,US House,GA,Fulton,SS18A,Karen Handel, Republican,262
993,US House,GA,Fulton,SS18B,Karen Handel, Republican,145
993,US House,GA,Fulton,SS19A,Karen Handel, Republican,310
993,US House,GA,Fulton,SS19B,Karen Handel, Republican,464
993,US House,GA,Fulton,SS20,Karen Handel, Republican,290
993,US House,GA,Fulton,SS22,Karen Handel, Republican,326
993,US House,GA,Fulton,SS25,Karen Handel, Republican,108
993,US House,GA,Fulton,SS26,Karen Handel, Republican,316
993,US House,GA,Fulton,SS29A,Karen Handel, Republican,152
993,US House,GA,Fulton,SS31,Karen Handel, Republican,2
993,US House,GA,Fulton,AP01A,Jon Ossoff, Democratic,5
993,US House,GA,Fulton,AP01B,Jon Ossoff, Democratic,323
993,US House,GA,Fulton,AP01C,Jon Ossoff, Democratic,314
993,US House,GA,Fulton,AP01D,Jon Ossoff, Democratic,219
993,US House,GA,Fulton,AP02B,Jon Ossoff, Democratic,332
993,US House,GA,Fulton,AP03,Jon Ossoff, Democratic,353
993,US House,GA,Fulton,AP04A,Jon Ossoff, Democratic,143
993,US House,GA,Fulton,AP04B,Jon Ossoff, Democratic,111
993,US House,GA,Fulton,AP05,Jon Ossoff, Democratic,144
993,US House,GA,Fulton,AP06,Jon Ossoff, Democratic,9
993,US House,GA,Fulton,AP07A,Jon Ossoff, Democratic,194
993,US House,GA,Fulton,AP07B,Jon Ossoff, Democratic,32
993,US House,GA,Fulton,AP09A,Jon Ossoff, Democratic,425
993,US House,GA,Fulton,AP09B,Jon Ossoff, Democratic,244
993,US House,GA,Fulton,AP021,Jon Ossoff, Democratic,14
993,US House,GA,Fulton,AP022,Jon Ossoff, Democratic,300
993,US House,GA,Fulton,AP10,Jon Ossoff, Democratic,348
993,US House,GA,Fulton,AP12A,Jon Ossoff, Democratic,307
993,US House,GA,Fulton,AP12B,Jon Ossoff, Democratic,281
993,US House,GA,Fulton,AP12C,Jon Ossoff, Democratic,450
993,US House,GA,Fulton,AP13,Jon Ossoff, Democratic,196
993,US House,GA,Fulton,AP14,Jon Ossoff, Democratic,139
993,US House,GA,Fulton,JC01,Jon Ossoff, Democratic,428
993,US House,GA,Fulton,JC02,Jon Ossoff, Democratic,28
993,US House,GA,Fulton,JC03A,Jon Ossoff, Democratic,405
993,US House,GA,Fulton,JC03B,Jon Ossoff, Democratic,392
993,US House,GA,Fulton,JC04A,Jon Ossoff, Democratic,43
993,US House,GA,Fulton,JC04B,Jon Ossoff, Democratic,249
993,US House,GA,Fulton,JC05,Jon Ossoff, Democratic,59
993,US House,GA,Fulton,JC06,Jon Ossoff, Democratic,304
993,US House,GA,Fulton,JC07,Jon Ossoff, Democratic,299
993,US House,GA,Fulton,JC08,Jon Ossoff, Democratic,391
993,US House,GA,Fulton,JC09,Jon Ossoff, Democratic,468
993,US House,GA,Fulton,JC10,Jon Ossoff, Democratic,286
993,US House,GA,Fulton,JC11,Jon Ossoff, Democratic,29
993,US House,GA,Fulton,JC12,Jon Ossoff, Democratic,484
993,US House,GA,Fulton,JC13A,Jon Ossoff, Democratic,16
993,US House,GA,Fulton,JC13B,Jon Ossoff, Democratic,122
993,US House,GA,Fulton,JC14,Jon Ossoff, Democratic,73
993,US House,GA,Fulton,JC15,Jon Ossoff, Democratic,183
993,US House,GA,Fulton,JC16,Jon Ossoff, Democratic,77
993,US House,GA,Fulton,JC18,Jon Ossoff, Democratic,338
993,US House,GA,Fulton,JC19,Jon Ossoff, Democratic,416
993,US House,GA,Fulton,ML011,Jon Ossoff, Democratic,470
993,US House,GA,Fulton,ML012,Jon Ossoff, Democratic,38
993,US House,GA,Fulton,ML01B,Jon Ossoff, Democratic,98
993,US House,GA,Fulton,ML021,Jon Ossoff, Democratic,383
993,US House,GA,Fulton,ML022,Jon Ossoff, Democratic,213
993,US House,GA,Fulton,ML023,Jon Ossoff, Democratic,377
993,US House,GA,Fulton,ML024,Jon Ossoff, Democratic,313
993,US House,GA,Fulton,ML03,Jon Ossoff, Democratic,206
993,US House,GA,Fulton,ML04A,Jon Ossoff, Democratic,45
993,US House,GA,Fulton,ML04B,Jon Ossoff, Democratic,119
993,US House,GA,Fulton,ML04C,Jon Ossoff, Democratic,380
993,US House,GA,Fulton,ML05A,Jon Ossoff, Democratic,286
993,US House,GA,Fulton,ML05B,Jon Ossoff, Democratic,79
993,US House,GA,Fulton,ML05C,Jon Ossoff, Democratic,389
993,US House,GA,Fulton,ML06A,Jon Ossoff, Democratic,274
993,US House,GA,Fulton,ML06B,Jon Ossoff, Democratic,263
993,US House,GA,Fulton,ML071,Jon Ossoff, Democratic,386
993,US House,GA,Fulton,ML072,Jon Ossoff, Democratic,229
993,US House,GA,Fulton,ML07A,Jon Ossoff, Democratic,333
993,US House,GA,Fulton,MP01,Jon Ossoff, Democratic,370
993,US House,GA,Fulton,RW01,Jon Ossoff, Democratic,424
993,US House,GA,Fulton,RW02,Jon Ossoff, Democratic,83
993,US House,GA,Fulton,RW03,Jon Ossoff, Democratic,243
993,US House,GA,Fulton,RW04,Jon Ossoff, Democratic,96
993,US House,GA,Fulton,RW05,Jon Ossoff, Democratic,277
993,US House,GA,Fulton,RW06,Jon Ossoff, Democratic,277
993,US House,GA,Fulton,RW07A,Jon Ossoff, Democratic,397
993,US House,GA,Fulton,RW07B,Jon Ossoff, Democratic,249
993,US House,GA,Fulton,RW08,Jon Ossoff, Democratic,395
993,US House,GA,Fulton,RW09,Jon Ossoff, Democratic,13
993,US House,GA,Fulton,RW10,Jon Ossoff, Democratic,89
993,US House,GA,Fulton,RW11A,Jon Ossoff, Democratic,169
993,US House,GA,Fulton,RW12,Jon Ossoff, Democratic,149
993,US House,GA,Fulton,RW13,Jon Ossoff, Democratic,291
993,US House,GA,Fulton,RW16,Jon Ossoff, Democratic,282
993,US House,GA,Fulton,RW17,Jon Ossoff, Democratic,300
993,US House,GA,Fulton,RW19,Jon Ossoff, Democratic,369
993,US House,GA,Fulton,RW20,Jon Ossoff, Democratic,456
993,US House,GA,Fulton,RW21,Jon Ossoff, Democratic,126
993,US House,GA,Fulton,RW22A,Jon Ossoff, Democratic,415
993,US House,GA,Fulton,SS01,Jon Ossoff, Democratic,111
993,US House,GA,Fulton,SS02A,Jon Ossoff, Democratic,126
993,US House,GA,Fulton,SS02B,Jon Ossoff, Democratic,377
993,US House,GA,Fulton,SS03,Jon Ossoff, Democratic,333
993,US House,GA,Fulton,SS04,Jon Ossoff, Democratic,167
993,US House,GA,Fulton,SS05,Jon Ossoff, Democratic,98
993,US House,GA,Fulton,SS06,Jon Ossoff, Democratic,30
993,US House,GA,Fulton,SS07A,Jon Ossoff, Democratic,430
993,US House,GA,Fulton,SS07B,Jon Ossoff, Democratic,373
993,US House,GA,Fulton,SS07C,Jon Ossoff, Democratic,194
993,US House,GA,Fulton,SS08A,Jon Ossoff, Democratic,124
993,US House,GA,Fulton,SS08B,Jon Ossoff, Democratic,7
993,US House,GA,Fulton,SS08C,Jon Ossoff, Democratic,278
993,US House,GA,Fulton,SS08D,Jon Ossoff, Democratic,362
993,US House,GA,Fulton,SS11A,Jon Ossoff, Democratic,129
993,US House,GA,Fulton,SS11B,Jon Ossoff, Democratic,473
993,US House,GA,Fulton,SS11C,Jon Ossoff, Democratic,112
993,US House,GA,Fulton,SS12,Jon Ossoff, Democratic,332
993,US House,GA,Fulton,SS15A,Jon Ossoff, Democratic,362
993,US House,GA,Fulton,SS15B,Jon Ossoff, Democratic,38
993,US House,GA,Fulton,SS16,Jon Ossoff, Democratic,36
993,US House,GA,Fulton,SS17,Jon Ossoff, Democratic,92
993,US House,GA,Fulton,SS18A,Jon Ossoff, Democratic,207
993,US House,GA,Fulton,SS18B,Jon Ossoff, Democratic,21
993,US House,GA,Fulton,SS19A,Jon Ossoff, Democratic,282
993,US House,GA,Fulton,SS19B,Jon Ossoff, Democratic,27
993,US House,GA,Fulton,SS20,Jon Ossoff, Democratic,178
993,US House,GA,Fulton,SS22,Jon Ossoff, Democratic,235
993,US House,GA,Fulton,SS25,Jon Ossoff, Democratic,484
993,US House,GA,Fulton,SS26,Jon Ossoff, Democratic,408
993,US House,GA,Fulton,SS29A,Jon Ossoff, Democratic,407
993,US House,GA,Fulton,SS31,Jon Ossoff, Democratic,199
